date,open,high,low,close,volume,target
2014-01-02,0.264041,0.264302,0.249947,-0.496552,4737500.0,-0.01296
2014-01-03,0.274557,0.276937,0.265302,-0.086712,5531200.0,-0.002293
2014-01-06,0.275101,0.278546,0.269535,0.102471,5735900.0,0.002716
2014-01-07,0.282484,0.28592,0.277198,0.433498,7513500.0,0.011458
2014-01-08,0.271614,0.275795,0.268217,0.141876,6801800.0,0.003708
2014-01-09,0.276029,0.280716,0.269781,0.094578,7556500.0,0.002462
2014-01-10,0.275752,0.27783,0.272376,0.275879,5310100.0,0.007165
2014-01-13,0.251461,0.260487,0.240373,-0.827606,8277700.0,-0.021342
2014-01-14,0.276117,0.276381,0.267949,0.149757,6072200.0,0.003946
2014-01-15,0.271102,0.272414,0.261653,-0.189171,6437200.0,-0.004965
2014-01-16,0.268212,0.269267,0.260826,-0.149746,4549800.0,-0.00395
2014-01-17,0.272712,0.283569,0.271387,0.228573,5872700.0,0.006053
2014-01-21,0.279795,0.281637,0.272688,0.260098,5103100.0,0.006846
2014-01-22,0.27789,0.28521,0.272661,0.401973,8903400.0,0.010509
2014-01-23,0.26667,0.267446,0.252958,-0.323154,5949900.0,-0.00836
2014-01-24,0.268478,0.269,0.245259,-0.693604,8983500.0,-0.018096
2014-01-27,0.262363,0.266082,0.250406,-0.394088,4921600.0,-0.010471
2014-01-28,0.273573,0.277869,0.270619,0.181282,2641700.0,0.004868
2014-01-29,0.257784,0.268739,0.254844,-0.16552,4831600.0,-0.004423
2014-01-30,0.278133,0.278133,0.264982,0.110348,3760700.0,0.002962
2014-01-31,0.249204,0.263922,0.247598,-0.409855,4796700.0,-0.010968
2014-02-03,0.26441,0.268198,0.244928,-0.614788,5033900.0,-0.016635
2014-02-04,0.264887,0.281947,0.263787,0.126114,5315100.0,0.00347
2014-02-05,0.267368,0.270659,0.256674,-0.181286,3780900.0,-0.004971
2014-02-06,0.28362,0.305115,0.281416,1.00888,5952100.0,0.027802
2014-02-07,0.266326,0.277587,0.26579,0.228562,2833100.0,0.006128
2014-02-10,0.261545,0.265808,0.25888,-0.086689,2432700.0,-0.00231
2014-02-11,0.282629,0.30186,0.280492,0.874882,4794000.0,0.023368
2014-02-12,0.267956,0.268478,0.25856,0.27116,4615200.0,0.007077
2014-02-13,0.247642,0.259046,0.246087,0.055828,3546000.0,0.001447
2014-02-14,0.255933,0.267061,0.25438,0.287109,2597700.0,0.00743
2014-02-18,0.267477,0.274927,0.265422,0.478531,10061800.0,0.012293
2014-02-19,0.251071,0.261221,0.248533,-0.063808,5479300.0,-0.001619
2014-02-20,0.264029,0.269875,0.260979,0.422691,8097900.0,0.010744
2014-02-21,0.257886,0.262413,0.251347,-0.039879,6282700.0,-0.001003
2014-02-24,0.258645,0.273497,0.257638,0.366867,8709300.0,0.009235
2014-02-25,0.265336,0.272569,0.257853,0.319019,8166400.0,0.007957
2014-02-26,0.252625,0.255099,0.243964,-0.199382,4941500.0,-0.004934
2014-02-27,0.252867,0.257095,0.24665,-0.007981,5585800.0,-0.000198
2014-02-28,0.25038,0.265801,0.25038,0.159512,5542000.0,0.003968
2014-03-03,0.223637,0.235529,0.211249,-1.284035,9857500.0,-0.031812
2014-03-04,0.261027,0.265121,0.25463,0.27116,6511700.0,0.006939
2014-03-05,0.242681,0.249542,0.236328,-0.414715,5747400.0,-0.010539
2014-03-06,0.248982,0.257201,0.248725,-0.023929,4632100.0,-0.000615
2014-03-07,0.24718,0.248722,0.237415,-0.287113,5904400.0,-0.007379
2014-03-10,0.248425,0.25438,0.246095,0.00798,2540200.0,0.000207
2014-03-11,0.253086,0.259298,0.24532,-0.175461,2690700.0,-0.004542
2014-03-12,0.250742,0.256463,0.248922,-0.007976,2249000.0,-0.000207
2014-03-13,0.258024,0.258284,0.235916,-0.494473,3666000.0,-0.01286
2014-03-14,0.252018,0.259659,0.252018,0.07975,3900700.0,0.002101
2014-03-17,0.248078,0.258595,0.244397,-0.023918,5008000.0,-0.000629
2014-03-18,0.248864,0.255441,0.246496,-0.079754,5596800.0,-0.002098
2014-03-19,0.253598,0.259662,0.243317,-0.191406,4149400.0,-0.005046
2014-03-20,0.230014,0.236904,0.22657,-0.638035,17857900.0,-0.016906
2014-03-21,0.252784,0.264913,0.24955,-0.007973,15397700.0,-0.000215
2014-03-24,0.261411,0.263028,0.249549,0.151528,7705700.0,0.004085
2014-03-25,0.249029,0.265676,0.249029,0.247238,4947800.0,0.006638
2014-03-26,0.269599,0.271199,0.252795,-0.031902,5063000.0,-0.000851
2014-03-27,0.259468,0.271481,0.256799,0.478527,3782300.0,0.012774
2014-03-28,0.26256,0.277848,0.260715,0.638023,7463100.0,0.016817
2014-03-31,0.25464,0.255418,0.243493,-0.215336,4276800.0,-0.005582
2014-04-01,0.259337,0.264029,0.258294,0.271168,3353300.0,0.007069
2014-04-02,0.258521,0.262663,0.253344,0.0,6207900.0,0.0
2014-04-03,0.253086,0.254121,0.247132,-0.095711,2797400.0,-0.002477
2014-04-04,0.262944,0.267875,0.255938,0.103684,3776300.0,0.002691
2014-04-07,0.253862,0.254639,0.244804,-0.27116,2371700.0,-0.007017
2014-04-08,0.258293,0.261681,0.247868,-0.119637,3730500.0,-0.003118
2014-04-09,0.269549,0.276608,0.261183,0.653984,3605500.0,0.017098
2014-04-10,0.252063,0.257975,0.239982,-0.398769,3194000.0,-0.01025
2014-04-11,0.242175,0.24685,0.232307,-0.661957,6383300.0,-0.017191
2014-04-14,0.246199,0.263111,0.245671,0.071777,4853900.0,0.001897
2014-04-15,0.261247,0.265204,0.250697,0.183438,5041700.0,0.004838
2014-04-16,0.266724,0.270136,0.262524,0.494468,3101200.0,0.012979
2014-04-17,0.259045,0.268891,0.256972,0.390801,3574700.0,0.010126
2014-04-21,0.255401,0.260275,0.252836,0.119621,2639600.0,0.003068
2014-04-22,0.256675,0.258466,0.252072,0.00798,2638600.0,0.000204
2014-04-23,0.249004,0.251817,0.24568,-0.183437,3413600.0,-0.00469
2014-04-24,0.26311,0.271587,0.257716,0.462574,4960100.0,0.011883
2014-04-25,0.266556,0.269856,0.260971,0.263191,4727200.0,0.006682
2014-04-28,0.242514,0.244531,0.233183,-0.542328,4998100.0,-0.013677
2014-04-29,0.277896,0.297072,0.276874,0.996926,7620800.0,0.02549
2014-04-30,0.263336,0.26583,0.256355,0.26318,7198000.0,0.006562
2014-05-01,0.252376,0.252624,0.244697,-0.17545,3212600.0,-0.004346
2014-05-02,0.261077,0.266799,0.256847,0.374836,3317900.0,0.009325
2014-05-05,0.248932,0.254602,0.246714,-0.047851,3186900.0,-0.001179
2014-05-06,0.258798,0.264227,0.256577,0.247234,5644400.0,0.006101
2014-05-07,0.252881,0.257051,0.245523,0.391281,6850400.0,0.009597
2014-05-08,0.247774,0.24826,0.23344,-0.193622,6879300.0,-0.004704
2014-05-09,0.238537,0.238781,0.229994,-0.177495,3553000.0,-0.004333
2014-05-12,0.247359,0.24883,0.24123,0.112954,4856400.0,0.002769
2014-05-13,0.236335,0.237558,0.232423,-0.153286,4211800.0,-0.003748
2014-05-14,0.232397,0.244667,0.232151,-0.064545,2435300.0,-0.001584
2014-05-15,0.24615,0.253278,0.237301,0.379189,7527300.0,0.00932
2014-05-16,0.242435,0.25242,0.240487,0.322708,5618400.0,0.007859
2014-05-19,0.240238,0.243138,0.237822,0.048397,3837800.0,0.001169
2014-05-20,0.230101,0.235652,0.226481,-0.363037,2959800.0,-0.008761
2014-05-21,0.251443,0.255339,0.248278,0.451782,3933300.0,0.011
2014-05-22,0.23253,0.238309,0.232048,-0.209763,2246600.0,-0.005052
2014-05-23,0.238303,0.239514,0.233705,-0.088741,3507300.0,-0.002148
2014-05-27,0.236603,0.238058,0.229083,-0.322704,3507000.0,-0.007828
2014-05-28,0.239269,0.244403,0.238291,-0.024201,2628300.0,-0.000592
2014-05-29,0.241715,0.242204,0.237556,-0.016136,2476900.0,-0.000395
2014-05-30,0.238045,0.239024,0.231927,-0.16135,2837200.0,-0.003949
2014-06-02,0.24713,0.249587,0.240496,0.104877,4517800.0,0.002577
2014-06-03,0.237553,0.239023,0.233632,-0.048404,2972600.0,-0.001186
2014-06-04,0.228472,0.229699,0.223565,-0.363049,4315300.0,-0.008907
2014-06-05,0.246692,0.249663,0.241246,0.298496,1825200.0,0.007389
2014-06-06,0.240497,0.250326,0.239759,0.298512,3224600.0,0.007336
2014-06-09,0.240977,0.242685,0.23683,0.024196,2139300.0,0.00059
2014-06-10,0.237807,0.243171,0.235369,0.088749,2995500.0,0.002164
2014-06-11,0.234648,0.240243,0.233675,-0.072609,1724500.0,-0.001766
2014-06-12,0.244144,0.257304,0.2439,0.387249,4212300.0,0.009438
2014-06-13,0.253034,0.256655,0.244583,0.274304,5407800.0,0.006623
2014-06-16,0.237355,0.243111,0.235196,0.048408,3497400.0,0.001161
2014-06-17,0.230889,0.237357,0.228733,-0.080684,2100000.0,-0.001933
2014-06-18,0.247675,0.265437,0.246714,0.830967,4270500.0,0.019946
2014-06-19,0.244926,0.246809,0.237396,0.0,3203600.0,0.0
2014-06-20,0.243044,0.249398,0.241396,0.088756,2660300.0,0.002089
2014-06-23,0.24468,0.247968,0.242566,0.233956,2234100.0,0.005494
2014-06-24,0.248389,0.24909,0.23274,-0.185555,5946000.0,-0.004334
2014-06-25,0.236699,0.239748,0.229427,-0.177486,4973700.0,-0.004163
2014-06-26,0.238807,0.244696,0.228913,0.104873,2525100.0,0.00247
2014-06-27,0.236459,0.238574,0.231289,-0.121017,3292500.0,-0.002844
2014-06-30,0.239042,0.247761,0.23645,0.121017,2175500.0,0.002852
2014-07-01,0.243038,0.247738,0.240923,0.201687,3435700.0,0.004739
2014-07-02,0.249102,0.250739,0.244191,0.306576,3409200.0,0.00717
2014-07-03,0.235566,0.236263,0.23069,-0.185551,1747000.0,-0.004309
2014-07-07,0.232284,0.232983,0.225754,-0.427585,2314200.0,-0.009972
2014-07-08,0.235509,0.238807,0.229855,-0.193627,2387000.0,-0.004561
2014-07-09,0.227918,0.23833,0.225552,-0.048408,3353500.0,-0.001146
2014-07-10,0.22601,0.228852,0.221982,-0.419522,3481000.0,-0.009939
2014-07-11,0.234488,0.237599,0.233292,-0.153286,2002600.0,-0.003668
2014-07-14,0.239033,0.242876,0.237352,0.024205,2866300.0,0.000581
2014-07-15,0.245994,0.247915,0.233753,0.048416,2502100.0,0.001162
2014-07-16,0.248144,0.254857,0.246706,0.467918,2320100.0,0.011218
2014-07-17,0.209403,0.216278,0.204187,-1.137539,11253800.0,-0.02697
2014-07-18,0.232691,0.238051,0.229767,-0.112957,4218200.0,-0.002752
2014-07-21,0.233894,0.240247,0.230962,-0.008064,2775500.0,-0.000197
2014-07-22,0.246356,0.248556,0.245379,0.201698,3335900.0,0.004929
2014-07-23,0.245593,0.246322,0.240972,0.177487,3232300.0,0.004316
2014-07-24,0.235155,0.245083,0.234428,0.161346,2418200.0,0.003907
2014-07-25,0.230107,0.231554,0.224801,-0.379181,2293100.0,-0.009146
2014-07-28,0.234402,0.236349,0.227342,-0.225887,3092800.0,-0.005499
2014-07-29,0.217729,0.219687,0.197168,-1.339237,9363400.0,-0.03278
2014-07-30,0.23673,0.254697,0.232428,0.451797,9308900.0,0.011433
2014-07-31,0.231507,0.238262,0.22375,-0.459858,6150800.0,-0.011506
2014-08-01,0.231667,0.245841,0.229389,0.024205,7105200.0,0.000613
2014-08-04,0.245331,0.249379,0.237236,0.26622,3549000.0,0.006734
2014-08-05,0.236498,0.236498,0.217402,-0.61314,5113500.0,-0.015406
2014-08-06,0.226243,0.233133,0.219863,-0.110241,4145100.0,-0.002813
2014-08-07,0.23047,0.234053,0.206926,-0.400132,4262200.0,-0.01024
2014-08-08,0.220705,0.226394,0.209328,0.032662,11594300.0,0.000845
2014-08-11,0.223809,0.231301,0.219934,0.032661,8018400.0,0.000844
2014-08-12,0.218647,0.228456,0.216582,0.0,4235200.0,0.0
2014-08-13,0.218131,0.220712,0.211161,-0.253143,3748200.0,-0.006534
2014-08-14,0.232899,0.234198,0.225883,0.228641,3175200.0,0.005941
2014-08-15,0.222518,0.227942,0.215286,-0.016323,4778700.0,-0.000422
2014-08-18,0.237246,0.238021,0.22846,0.416462,3872100.0,0.010762
2014-08-19,0.222028,0.237623,0.221261,0.326641,5310400.0,0.008351
2014-08-20,0.220528,0.22357,0.217232,-0.089813,2971600.0,-0.002277
2014-08-21,0.223567,0.22865,0.222297,0.065319,2871300.0,0.00166
2014-08-22,0.224077,0.225853,0.218495,-0.114322,2890100.0,-0.0029
2014-08-25,0.23069,0.236542,0.226619,0.342971,2414400.0,0.008726
2014-08-26,0.219792,0.220548,0.215252,-0.30215,2636800.0,-0.007621
2014-08-27,0.228905,0.231955,0.226109,0.146995,1966100.0,0.003736
2014-08-28,0.21952,0.220533,0.21091,-0.35931,5093000.0,-0.009099
2014-08-29,0.226118,0.227395,0.217429,-0.065319,4274300.0,-0.001669
2014-09-02,0.217673,0.219208,0.205642,-0.522629,5573600.0,-0.013378
2014-09-03,0.239632,0.24534,0.237297,0.416458,5313200.0,0.010805
2014-09-04,0.233825,0.234851,0.146043,-2.302822,54703000.0,-0.059107
2014-09-05,0.240134,0.259229,0.23686,0.849274,15529500.0,0.023168
2014-09-08,0.212853,0.218185,0.203521,-0.48996,8919600.0,-0.013063
2014-09-09,0.219992,0.225935,0.21702,-0.146995,4892300.0,-0.003971
2014-09-10,0.247638,0.264183,0.241671,1.118755,16247200.0,0.030344
2014-09-11,0.21695,0.223794,0.210106,-0.228649,9464900.0,-0.006019
2014-09-12,0.219552,0.220082,0.212931,-0.244984,4795000.0,-0.006488
2014-09-15,0.215254,0.228049,0.212855,-0.040832,5073700.0,-0.001088
2014-09-16,0.218713,0.239261,0.218447,0.277641,4209000.0,0.007409
2014-09-17,0.228028,0.231471,0.222465,0.0,3365200.0,0.0
2014-09-18,0.233591,0.237299,0.225114,0.155155,3241100.0,0.00411
2014-09-19,0.236983,0.237511,0.22432,0.032673,4956900.0,0.000862
2014-09-22,0.223003,0.223003,0.211405,-0.269478,5292800.0,-0.007103
2014-09-23,0.218213,0.222195,0.213169,-0.334816,3192900.0,-0.008888
2014-09-24,0.227263,0.22887,0.214942,-0.171486,6237900.0,-0.004593
2014-09-25,0.209785,0.210592,0.180993,-1.184078,15355000.0,-0.031861
2014-09-26,0.221249,0.238203,0.217636,0.244984,7105500.0,0.006809
2014-09-29,0.221548,0.234522,0.218511,0.146995,4460900.0,0.004058
2014-09-30,0.210837,0.215786,0.204238,-0.481796,6834500.0,-0.013247
2014-10-01,0.221519,0.229878,0.213996,-0.220493,4323600.0,-0.006144
2014-10-02,0.217015,0.217856,0.194026,-0.42463,7933400.0,-0.011905
2014-10-03,0.21891,0.221179,0.210114,-0.375637,6923500.0,-0.010658
2014-10-06,0.226305,0.23921,0.225445,0.285809,4916900.0,0.008197
2014-10-07,0.221455,0.224584,0.210077,-0.400131,4439500.0,-0.011382
2014-10-08,0.231777,0.243862,0.219693,0.4818,8960000.0,0.013863
2014-10-09,0.21011,0.212664,0.190528,-0.947266,6970900.0,-0.026883
2014-10-10,0.213794,0.224292,0.203586,-0.36747,7416700.0,-0.010717
2014-10-13,0.235786,0.241093,0.213677,-0.261314,5207000.0,-0.007703
2014-10-14,0.221019,0.22607,0.2026,-0.498127,8518800.0,-0.014799
2014-10-15,0.220664,0.226996,0.192922,0.016335,10663400.0,0.000493
2014-10-16,0.194745,0.235133,0.189019,0.07349,9972900.0,0.002215
2014-10-17,0.24323,0.254056,0.239921,0.587951,11108100.0,0.017682
2014-10-20,0.214537,0.219856,0.205376,-0.228649,6357400.0,-0.006757
2014-10-21,0.246898,0.261179,0.239758,0.89827,5479700.0,0.026725
2014-10-22,0.216181,0.221686,0.2043,-0.571629,5049000.0,-0.016564
2014-10-23,0.236665,0.249924,0.231361,0.498135,4949300.0,0.014678
2014-10-24,0.22139,0.225746,0.213549,0.0,4358500.0,0.0
2014-10-27,0.213839,0.219938,0.205999,-0.179653,7010200.0,-0.005217
2014-10-28,0.235093,0.251148,0.229839,0.726768,7427800.0,0.021215
2014-10-29,0.229158,0.24345,0.218296,0.049008,7344300.0,0.001401
2014-10-30,0.218018,0.235146,0.211453,0.171486,6652000.0,0.004895
2014-10-31,0.223164,0.23481,0.212653,0.285808,7493700.0,0.008119
2014-11-03,0.209932,0.213877,0.195561,-0.816612,6742000.0,-0.02301
2014-11-04,0.210741,0.211894,0.194013,-0.661446,8031000.0,-0.019077
2014-11-05,0.219586,0.232523,0.212824,0.596554,5316100.0,0.01754
2014-11-06,0.214167,0.216767,0.200297,0.082851,4523700.0,0.002394
2014-11-07,0.210402,0.220491,0.208961,0.157425,5702100.0,0.004538
2014-11-10,0.20723,0.212395,0.198621,-0.165706,5072400.0,-0.004755
2014-11-11,0.194545,0.208673,0.191085,-0.091141,5421800.0,-0.002628
2014-11-12,0.191332,0.20145,0.18873,-0.472263,6103800.0,-0.013653
2014-11-13,0.194633,0.197564,0.18584,-0.422562,8573300.0,-0.012385
2014-11-14,0.19893,0.217627,0.198634,0.223709,5527000.0,0.006639
2014-11-17,0.199868,0.209891,0.194266,-0.033142,4577000.0,-0.000977
2014-11-18,0.217862,0.221698,0.209009,0.240276,4250500.0,0.00709
2014-11-19,0.214561,0.222473,0.206064,0.28999,4540500.0,0.008497
2014-11-20,0.20549,0.217112,0.204619,0.190563,3866000.0,0.005537
2014-11-21,0.221679,0.228325,0.216478,0.538548,5918900.0,0.015561
2014-11-24,0.206659,0.208366,0.192432,-0.314843,5474000.0,-0.008958
2014-11-25,0.205508,0.207517,0.192014,-0.389419,6256500.0,-0.01118
2014-11-26,0.208105,0.211589,0.202007,0.016575,3441900.0,0.000481
2014-11-28,0.155868,0.15877,0.137295,-1.880783,13950700.0,-0.05458
2014-12-01,0.216152,0.224746,0.19313,0.422557,14091000.0,0.012971
2014-12-02,0.210882,0.248457,0.206034,0.737404,12995900.0,0.022345
2014-12-03,0.213464,0.23273,0.207832,0.488827,7502200.0,0.014489
2014-12-04,0.180064,0.186784,0.169838,-0.762253,8242900.0,-0.022271
2014-12-05,0.199771,0.202162,0.189611,-0.339699,6906600.0,-0.010151
2014-12-08,0.193962,0.194868,0.170415,-0.919681,10641900.0,-0.027764
2014-12-09,0.196386,0.215016,0.182413,-0.289986,12161200.0,-0.009004
2014-12-10,0.197856,0.198796,0.174983,-0.646259,10584600.0,-0.020249
2014-12-11,0.205344,0.214618,0.192871,-0.339693,9744000.0,-0.010864
2014-12-12,0.195303,0.19983,0.171701,-0.903118,12180400.0,-0.029199
2014-12-15,0.201281,0.210273,0.161649,-1.077101,16107200.0,-0.035872
2014-12-16,0.214197,0.262558,0.205561,0.679401,17575300.0,0.023469
2014-12-17,0.212681,0.274108,0.210656,1.599081,14429700.0,0.053971
2014-12-18,0.221033,0.228078,0.205982,0.521986,15596000.0,0.016716
2014-12-19,0.222061,0.241589,0.212297,0.894818,10832400.0,0.028184
2014-12-22,0.201123,0.202961,0.182436,-0.248566,10179500.0,-0.007614
2014-12-23,0.196448,0.212499,0.191818,0.016567,7831000.0,0.000511
2014-12-24,0.20972,0.211571,0.196453,-0.140842,3484400.0,-0.004345
2014-12-26,0.210351,0.21314,0.201675,0.024856,5993600.0,0.00077
2014-12-29,0.205704,0.211897,0.20075,0.041432,7558400.0,0.001283
2014-12-30,0.197666,0.199521,0.183132,-0.555134,7084500.0,-0.017167
2014-12-31,0.204741,0.206314,0.195931,-0.198851,6856800.0,-0.006257
2015-01-02,0.209793,0.214859,0.194595,0.0,6290100.0,0.0
2015-01-05,0.158501,0.160717,0.128106,-1.673637,16126000.0,-0.05299
2015-01-06,0.203934,0.220316,0.192232,-0.223711,11575800.0,-0.007479
2015-01-07,0.212669,0.224459,0.201216,0.074564,9192400.0,0.002512
2015-01-08,0.22408,0.240544,0.218031,0.671118,10789700.0,0.02255
2015-01-09,0.207929,0.210229,0.187556,-0.124279,7616700.0,-0.004084
2015-01-12,0.194075,0.197704,0.177248,-0.439127,7570800.0,-0.014489
2015-01-13,0.211965,0.216652,0.196899,-0.07457,10151900.0,-0.002497
2015-01-14,0.180092,0.200902,0.172373,-0.240282,11557700.0,-0.008065
2015-01-15,0.22217,0.224538,0.204236,0.049725,8921100.0,0.001683
2015-01-16,0.246465,0.281933,0.243763,1.764787,15374900.0,0.059614
2015-01-20,0.211725,0.212362,0.191641,-0.140854,8197700.0,-0.00449
2015-01-21,0.211426,0.249533,0.208224,0.936251,10491800.0,0.029981
2015-01-22,0.213161,0.216892,0.197305,0.132568,8169600.0,0.004122
2015-01-23,0.191771,0.214684,0.189294,-0.066288,8398200.0,-0.002052
2015-01-26,0.210977,0.247588,0.20384,0.845108,9391200.0,0.026221
2015-01-27,0.204524,0.222665,0.201501,0.240277,10968200.0,0.007265
2015-01-28,0.194036,0.194637,0.165821,-1.101952,8471000.0,-0.033076
2015-01-29,0.201976,0.205701,0.186144,-0.107715,6995400.0,-0.003344
2015-01-30,0.206632,0.223451,0.190124,0.066284,7610000.0,0.002065
2015-02-02,0.22466,0.23958,0.218133,0.853397,8213900.0,0.026526
2015-02-03,0.235103,0.249637,0.226928,1.027386,12783500.0,0.031109
2015-02-04,0.188443,0.198133,0.177283,-0.538544,8777900.0,-0.015815
2015-02-05,0.226636,0.24066,0.221862,0.77055,7738400.0,0.022992
2015-02-06,0.211318,0.214818,0.198192,-0.174004,6735300.0,-0.005075
2015-02-09,0.21691,0.232155,0.216031,0.36456,8132800.0,0.010687
2015-02-10,0.1936,0.197661,0.175616,-0.298275,10147000.0,-0.008652
2015-02-11,0.175343,0.184121,0.165102,-0.252236,6177400.0,-0.00738
2015-02-12,0.207074,0.232424,0.205305,0.832363,15230500.0,0.024535
2015-02-13,0.202622,0.211253,0.199745,0.49606,6625200.0,0.014272
2015-02-17,0.174637,0.189387,0.170098,-0.126126,5168400.0,-0.003578
2015-02-18,0.185687,0.193658,0.180278,-0.025219,4879400.0,-0.000718
2015-02-19,0.166027,0.183405,0.161754,-0.470829,5644100.0,-0.013413
2015-02-20,0.189099,0.194585,0.183035,0.075669,4549900.0,0.002185
2015-02-23,0.18132,0.196303,0.175557,-0.050438,4261300.0,-0.001453
2015-02-24,0.197466,0.201795,0.18881,0.311077,3962700.0,0.008976
2015-02-25,0.193105,0.200541,0.186814,0.269047,4298900.0,0.007694
2015-02-26,0.177468,0.179738,0.170089,-0.462426,3952500.0,-0.013123
2015-02-27,0.192263,0.200028,0.191113,0.067261,3634200.0,0.001934
2015-03-02,0.181925,0.186517,0.173889,-0.11771,4884800.0,-0.003378
2015-03-03,0.18766,0.206091,0.187084,0.369942,7105200.0,0.010654
2015-03-04,0.179129,0.185683,0.174,-0.176556,6499500.0,-0.005031
2015-03-05,0.189387,0.193397,0.179364,-0.294277,6826100.0,-0.008428
2015-03-06,0.178701,0.179856,0.164549,-0.697838,6671100.0,-0.020155
2015-03-09,0.190272,0.198525,0.180839,-0.058861,7200500.0,-0.001735
2015-03-10,0.171376,0.175214,0.146572,-1.042541,7434800.0,-0.030784
2015-03-11,0.177201,0.177201,0.161968,-0.681027,8542800.0,-0.020748
2015-03-12,0.209921,0.21241,0.185343,-0.058853,6716800.0,-0.001831
2015-03-13,0.170998,0.172245,0.151674,-0.470827,8422900.0,-0.014675
2015-03-16,0.174204,0.187806,0.166612,-0.042042,6352100.0,-0.00133
2015-03-17,0.191605,0.206809,0.188754,0.227011,5034200.0,0.007191
2015-03-18,0.199137,0.240649,0.192218,1.286369,10362500.0,0.040455
2015-03-19,0.179413,0.184854,0.17095,-0.319488,4426900.0,-0.009657
2015-03-20,0.206174,0.237305,0.205869,0.950062,8001000.0,0.028996
2015-03-23,0.195616,0.198583,0.187311,0.033641,4935000.0,0.000998
2015-03-24,0.18998,0.191462,0.169535,-0.529689,4298900.0,-0.015695
2015-03-25,0.205643,0.21347,0.199623,0.420387,4426700.0,0.012655
2015-03-26,0.195333,0.199495,0.177199,-0.168152,4090600.0,-0.004999
2015-03-27,0.184308,0.187595,0.175644,-0.168156,4271500.0,-0.005024
2015-03-30,0.187286,0.201398,0.187286,0.193371,4272700.0,0.005806
2015-03-31,0.163713,0.177745,0.160131,-0.613754,6200500.0,-0.018323
2015-04-01,0.197599,0.206418,0.194253,0.327896,4285800.0,0.009972
2015-04-02,0.187581,0.197216,0.186075,0.126114,3501400.0,0.003797
2015-04-06,0.195387,0.209786,0.192687,0.403568,4656200.0,0.012106
2015-04-07,0.200947,0.213691,0.192351,0.100899,8078200.0,0.00299
2015-04-08,0.189387,0.230757,0.189387,0.437199,17083300.0,0.012919
2015-04-09,0.185887,0.211559,0.182969,0.487644,15395300.0,0.014226
2015-04-10,0.1891,0.197154,0.185073,0.159748,4979800.0,0.004595
2015-04-13,0.185093,0.189674,0.177648,-0.260635,5037800.0,-0.007463
2015-04-14,0.198907,0.2116,0.196311,0.479232,6015900.0,0.013825
2015-04-15,0.195647,0.208736,0.194225,0.521275,6496400.0,0.014832
2015-04-16,0.194995,0.197799,0.178453,0.109299,6651800.0,0.003065
2015-04-17,0.193301,0.201687,0.189388,0.285869,7465200.0,0.007991
2015-04-20,0.192715,0.199371,0.186892,-0.058861,5797100.0,-0.001632
2015-04-21,0.196054,0.201887,0.181055,-0.033626,7808600.0,-0.000934
2015-04-22,0.202733,0.203845,0.19328,0.386753,5202600.0,0.010753
2015-04-23,0.195164,0.203141,0.193238,0.302677,5577100.0,0.008326
2015-04-24,0.192661,0.192661,0.177112,-0.117702,5414900.0,-0.003211
2015-04-27,0.188019,0.193219,0.177346,-0.353131,7591500.0,-0.009664
2015-04-28,0.209561,0.211219,0.195467,0.369942,8699700.0,0.010223
2015-04-29,0.186925,0.195132,0.178719,0.09248,7175600.0,0.00253
2015-04-30,0.185022,0.186932,0.177109,-0.361534,5633000.0,-0.009865
2015-05-01,0.180018,0.194899,0.169822,0.05886,7289000.0,0.001622
2015-05-04,0.193239,0.200393,0.191864,0.151345,5149700.0,0.004164
2015-05-05,0.191579,0.201443,0.180072,-0.260647,6220000.0,-0.007141
2015-05-06,0.181661,0.184144,0.168967,4e-06,4046000.0,0.0
2015-05-07,0.159584,0.160136,0.142474,-0.571267,5020500.0,-0.015765
2015-05-08,0.199186,0.201148,0.184886,0.750325,5308800.0,0.021038
2015-05-11,0.17942,0.181617,0.167887,-0.110852,4252800.0,-0.003044
2015-05-12,0.170076,0.183021,0.170076,0.093789,3801700.0,0.002583
2015-05-13,0.18327,0.184094,0.17283,0.068222,3360100.0,0.001874
2015-05-14,0.181879,0.184621,0.177217,0.161991,4643400.0,0.004442
2015-05-15,0.164367,0.173649,0.158634,-0.127892,3932200.0,-0.003492
2015-05-18,0.162419,0.166255,0.159132,-0.358104,3916400.0,-0.009811
2015-05-19,0.168126,0.168403,0.155122,-0.477479,5752800.0,-0.013211
2015-05-20,0.179559,0.186008,0.176194,0.213158,3035700.0,0.005977
2015-05-21,0.187323,0.200423,0.184815,0.699169,4232300.0,0.019487
2015-05-22,0.166815,0.168456,0.160527,-0.34106,2587300.0,-0.009324
2015-05-26,0.157376,0.157928,0.143854,-0.741791,4375600.0,-0.02047
2015-05-27,0.17283,0.184381,0.171421,0.136421,3181700.0,0.003843
2015-05-28,0.167778,0.167778,0.157955,-0.204636,3145400.0,-0.005743
2015-05-29,0.168878,0.177628,0.163233,-0.076744,3146700.0,-0.002166
2015-06-01,0.164909,0.166889,0.150482,-0.434837,4096500.0,-0.012301
2015-06-02,0.181422,0.194597,0.181136,0.468948,3748700.0,0.013431
2015-06-03,0.173112,0.176221,0.164634,-0.230217,2797500.0,-0.006506
2015-06-04,0.17283,0.17283,0.152064,-0.520107,5213000.0,-0.014795
2015-06-05,0.158682,0.179182,0.156372,-0.051155,5582300.0,-0.001477
2015-06-08,0.170227,0.178035,0.168782,-0.025577,2816800.0,-0.00074
2015-06-09,0.171672,0.178907,0.165595,0.017047,3371400.0,0.000493
2015-06-10,0.193655,0.198282,0.190473,0.622425,4953600.0,0.018002
2015-06-11,0.175103,0.183342,0.173114,0.11937,4075600.0,0.003391
2015-06-12,0.163203,0.163486,0.152443,-0.528633,3083100.0,-0.014969
2015-06-15,0.159894,0.178292,0.159607,0.102314,4164500.0,0.002941
2015-06-16,0.17283,0.173403,0.157066,-0.008522,6836700.0,-0.000244
2015-06-17,0.181144,0.187451,0.169676,0.255791,3251100.0,0.007333
2015-06-18,0.175391,0.183645,0.171691,0.042625,3585900.0,0.001213
2015-06-19,0.171409,0.175957,0.166008,-0.093784,3034400.0,-0.002666
2015-06-22,0.18252,0.190216,0.178245,0.315475,3409400.0,0.008991
2015-06-23,0.167463,0.175655,0.167463,0.017052,2628100.0,0.000482
2015-06-24,0.165771,0.186947,0.165771,0.247268,6363700.0,0.006981
2015-06-25,0.175073,0.183204,0.167222,0.051156,6707300.0,0.001434
2015-06-26,0.16471,0.17003,0.154071,-0.460431,4235800.0,-0.012891
2015-06-29,0.156096,0.162903,0.141063,-0.886737,5998800.0,-0.025151
2015-06-30,0.165265,0.168175,0.155082,-0.298428,7170800.0,-0.008683
2015-07-01,0.163732,0.164025,0.148469,-0.588314,6507700.0,-0.017267
2015-07-02,0.216434,0.240028,0.216135,1.722328,11773500.0,0.051439
2015-07-06,0.149822,0.154083,0.131927,-1.176643,8462700.0,-0.033422
2015-07-07,0.154904,0.171654,0.138447,-0.170525,10564500.0,-0.005011
2015-07-08,0.16013,0.164265,0.150383,-0.477478,5931000.0,-0.014102
2015-07-09,0.18661,0.189606,0.171931,-0.017052,5427800.0,-0.000511
2015-07-10,0.201604,0.204901,0.18332,0.656537,5797300.0,0.019678
2015-07-13,0.177239,0.179002,0.172242,0.051147,3435100.0,0.001503
2015-07-14,0.173124,0.18457,0.171362,0.315483,3447200.0,0.009259
2015-07-15,0.167595,0.16934,0.156254,-0.247265,4006200.0,-0.007191
2015-07-16,0.165507,0.166386,0.156134,-0.426319,4587100.0,-0.012488
2015-07-17,0.169567,0.169864,0.156812,-0.358112,4253700.0,-0.010622
2015-07-20,0.170431,0.171331,0.161737,-0.315476,4131300.0,-0.009458
2015-07-21,0.171014,0.179186,0.170408,-0.017055,5668600.0,-0.000516
2015-07-22,0.162837,0.163442,0.14497,-0.699154,6777900.0,-0.021172
2015-07-23,0.163858,0.166642,0.146842,-0.520117,8620500.0,-0.016091
2015-07-24,0.165598,0.168113,0.144845,-0.622431,7304700.0,-0.019571
2015-07-27,0.15936,0.166416,0.15038,-0.443363,9074500.0,-0.014219
2015-07-28,0.200158,0.214473,0.190398,1.057266,8220800.0,0.034396
2015-07-29,0.165596,0.180064,0.15962,0.085266,6782800.0,0.002682
2015-07-30,0.187886,0.193846,0.174712,0.247265,4731300.0,0.007756
2015-07-31,0.161936,0.16287,0.148552,-0.605369,5669900.0,-0.018843
2015-08-03,0.162044,0.168706,0.152527,-0.417794,5564700.0,-0.013254
2015-08-04,0.180867,0.184725,0.170901,0.051157,6401400.0,0.001645
2015-08-05,0.173151,0.177002,0.151004,-0.060688,6796300.0,-0.001948
2015-08-06,0.146175,0.154858,0.139743,0.008677,8096100.0,0.000279
2015-08-07,0.154215,0.166753,0.146177,-0.173374,4821900.0,-0.005574
2015-08-10,0.152925,0.173617,0.148398,0.520119,6429600.0,0.016816
2015-08-11,0.139581,0.146894,0.13195,-0.199379,6132700.0,-0.00634
2015-08-12,0.150692,0.167971,0.143972,0.338081,6346100.0,0.010818
2015-08-13,0.140909,0.141859,0.133311,-0.450777,5358700.0,-0.01427
2015-08-14,0.141368,0.151645,0.140726,-0.13003,4661700.0,-0.004176
2015-08-17,0.144219,0.146799,0.133577,-0.20805,5560100.0,-0.00671
2015-08-18,0.145779,0.146753,0.140909,-0.242721,4461500.0,-0.007881
2015-08-19,0.147354,0.150626,0.127391,-0.511459,6579500.0,-0.016738
2015-08-20,0.16522,0.174872,0.144253,-0.24272,6524700.0,-0.008078
2015-08-21,0.149545,0.154914,0.112636,-1.04892,8677200.0,-0.035195
2015-08-24,0.095493,0.11323,0.074279,-1.716404,18560900.0,-0.059692
2015-08-25,0.18205,0.184639,0.135079,-0.416101,12949100.0,-0.01539
2015-08-26,0.188505,0.188881,0.14681,0.338081,12011500.0,0.012699
2015-08-27,0.184358,0.22516,0.182503,1.673063,12968900.0,0.062058
2015-08-28,0.138554,0.172431,0.138554,0.199381,9078600.0,0.006963
2015-08-31,0.14386,0.166404,0.126865,0.242724,7115700.0,0.008419
2015-09-01,0.113331,0.122273,0.098197,-1.213623,10793700.0,-0.041741
2015-09-02,0.165416,0.165775,0.132754,0.052015,10661500.0,0.001867
2015-09-03,0.153213,0.178291,0.149273,0.182041,7436700.0,0.006522
2015-09-04,0.110504,0.116199,0.087013,-1.482349,16955800.0,-0.052761
2015-09-08,0.187765,0.188517,0.173111,0.615476,22933800.0,0.023127
2015-09-09,0.170833,0.177076,0.134107,-0.442106,12873400.0,-0.016237
2015-09-10,0.161038,0.173358,0.149465,0.268732,10589100.0,0.010032
2015-09-11,0.147658,0.149136,0.137678,-0.17337,6227200.0,-0.006408
2015-09-14,0.143527,0.146131,0.132367,-0.28607,5631900.0,-0.010642
2015-09-15,0.162971,0.177259,0.161843,0.372755,5616200.0,0.014016
2015-09-16,0.173595,0.195843,0.173595,0.884211,7845800.0,0.032787
2015-09-17,0.153571,0.171164,0.14675,-0.01734,8036100.0,-0.000623
2015-09-18,0.132016,0.138124,0.112616,-0.884207,7820600.0,-0.031766
2015-09-21,0.151716,0.15654,0.146522,-0.02601,5550400.0,-0.000965
2015-09-22,0.118289,0.131287,0.115317,-0.580803,10359600.0,-0.021571
2015-09-23,0.162682,0.16382,0.134212,-0.407429,7490700.0,-0.015466
2015-09-24,0.144704,0.168994,0.137378,0.208046,9745800.0,0.008021
2015-09-25,0.166576,0.172313,0.157014,0.234058,6921500.0,0.008952
2015-09-28,0.132721,0.132721,0.11263,-0.910219,7905000.0,-0.034506
2015-09-29,0.172811,0.175952,0.156713,0.216717,8066100.0,0.008509
2015-09-30,0.174985,0.190168,0.171091,0.806194,6143700.0,0.031387
2015-10-01,0.195094,0.203399,0.161876,0.346749,9688100.0,0.013089
2015-10-02,0.172947,0.21207,0.170711,1.352323,12250500.0,0.050388
2015-10-05,0.177338,0.191882,0.176983,0.840866,10676400.0,0.029828
2015-10-06,0.163905,0.192839,0.162872,0.710837,12439200.0,0.024485
2015-10-07,0.200979,0.213755,0.187866,1.213617,24908800.0,0.040804
2015-10-08,0.14065,0.164878,0.139681,0.21672,8501300.0,0.007001
2015-10-09,0.163837,0.164799,0.147797,0.0,8833600.0,0.0
2015-10-12,0.146514,0.147477,0.130154,-0.511453,7051700.0,-0.016407
2015-10-13,0.121936,0.146723,0.119,-0.554798,7100500.0,-0.018094
2015-10-14,0.164533,0.176822,0.159218,0.511451,7487100.0,0.016988
2015-10-15,0.154878,0.165656,0.1441,0.312081,6131500.0,0.010193
2015-10-16,0.160684,0.161008,0.143226,0.156038,5664800.0,0.005045
2015-10-19,0.136844,0.138452,0.116577,-0.797529,4922900.0,-0.025656
2015-10-20,0.138715,0.158194,0.137724,0.02601,5364600.0,0.000859
2015-10-21,0.164787,0.170065,0.15621,0.147362,6497600.0,0.004861
2015-10-22,0.169657,0.181475,0.167359,0.676163,8136700.0,0.022197
2015-10-23,0.151002,0.156141,0.140726,-0.17337,4767000.0,-0.005568
2015-10-26,0.149696,0.150988,0.131934,-0.580807,5107500.0,-0.018757
2015-10-27,0.146002,0.158179,0.138761,-0.199383,10142500.0,-0.006562
2015-10-28,0.162517,0.195646,0.161854,0.797527,9689700.0,0.026422
2015-10-29,0.141952,0.162286,0.140661,-0.026012,7276100.0,-0.00084
2015-10-30,0.150664,0.16294,0.141296,-0.008663,5457400.0,-0.00028
2015-11-02,0.151633,0.174252,0.148401,0.502783,7194900.0,0.016246
2015-11-03,0.156115,0.193317,0.154843,0.823528,9949500.0,0.026185
2015-11-04,0.146135,0.147685,0.118559,-0.237885,8892400.0,-0.007371
2015-11-05,0.120622,0.129674,0.109072,-0.713672,6416400.0,-0.022277
2015-11-06,0.11806,0.129234,0.110397,-0.370051,5852300.0,-0.011814
2015-11-09,0.135304,0.143381,0.120765,-0.220264,5727900.0,-0.007116
2015-11-10,0.12652,0.139211,0.123592,-0.09692,4717000.0,-0.003154
2015-11-11,0.134981,0.137592,0.121271,-0.334807,4630200.0,-0.010929
2015-11-12,0.117489,0.123759,0.100657,-0.784156,6115100.0,-0.02588
2015-11-13,0.126172,0.138369,0.114314,-0.105727,4811000.0,-0.003582
2015-11-16,0.135321,0.173063,0.135321,0.969179,5843800.0,0.032954
2015-11-17,0.136956,0.139589,0.121814,-0.264324,4823100.0,-0.008701
2015-11-18,0.155568,0.166526,0.147931,0.810585,7422700.0,0.026916
2015-11-19,0.135627,0.144035,0.131424,0.132166,5819300.0,0.004274
2015-11-20,0.127253,0.132405,0.108256,-0.722479,5271100.0,-0.023262
2015-11-23,0.133332,0.142233,0.130036,-0.008817,5156700.0,-0.000291
2015-11-24,0.136629,0.156744,0.136629,0.502212,6474100.0,0.01656
2015-11-25,0.130115,0.139198,0.121033,0.0,5220100.0,0.0
2015-11-27,0.129466,0.133359,0.126871,-0.140964,2849600.0,-0.004572
2015-11-30,0.137913,0.141498,0.126508,-0.202652,5618400.0,-0.006604
2015-12-01,0.140557,0.146462,0.133997,0.149784,5622500.0,0.004913
2015-12-02,0.118986,0.13139,0.099727,-0.837017,7651300.0,-0.027322
2015-12-03,0.141692,0.142364,0.112831,-0.493403,6417600.0,-0.016558
2015-12-04,0.12372,0.12372,0.101197,-0.519832,9127700.0,-0.017739
2015-12-07,0.103019,0.105798,0.08009,-1.24231,12000800.0,-0.043159
2015-12-08,0.123362,0.150956,0.112833,0.00881,8913200.0,0.00032
2015-12-09,0.153129,0.176358,0.144781,0.475777,10269000.0,0.017269
2015-12-10,0.131413,0.148182,0.129985,-0.00881,7858200.0,-0.000314
2015-12-11,0.111781,0.11535,0.097505,-0.889883,8344300.0,-0.031761
2015-12-14,0.122079,0.129083,0.102173,-0.502213,16951400.0,-0.018513
2015-12-15,0.148501,0.159393,0.145497,0.466971,13458000.0,0.017538
2015-12-16,0.145684,0.15159,0.127968,0.105728,9659700.0,0.003902
2015-12-17,0.130936,0.13351,0.115494,-0.458161,7213900.0,-0.016845
2015-12-18,0.138346,0.145452,0.127501,-0.176212,7332100.0,-0.00659
2015-12-21,0.148533,0.154932,0.126322,-0.01762,8577000.0,-0.000663
2015-12-22,0.142891,0.162479,0.139124,0.581507,7189200.0,0.021905
2015-12-23,0.179584,0.192485,0.174423,1.374471,10147400.0,0.050666
2015-12-24,0.140594,0.143401,0.125508,-0.202646,3381000.0,-0.00711
2015-12-28,0.11908,0.12438,0.113073,-0.361242,6177800.0,-0.012765
2015-12-29,0.144287,0.152519,0.13677,0.140976,7064800.0,0.005046
2015-12-30,0.123584,0.132132,0.113257,-0.493401,5536000.0,-0.017571
2015-12-31,0.132806,0.140418,0.125556,-0.044052,5808100.0,-0.001597
2016-01-04,0.118279,0.131713,0.10775,-0.176216,7582300.0,-0.006398
2016-01-05,0.129865,0.132423,0.110132,-0.114538,7234400.0,-0.004185
2016-01-06,0.098285,0.115899,0.098285,-0.555079,10055100.0,-0.020369
2016-01-07,0.088907,0.117001,0.086285,-0.766533,15156000.0,-0.028713
2016-01-08,0.134209,0.135752,0.112227,-0.458158,13901300.0,-0.017669
2016-01-11,0.160499,0.160892,0.11967,-0.061672,7460100.0,-0.002421
2016-01-12,0.146393,0.148755,0.101923,-0.167408,10629700.0,-0.006588
2016-01-13,0.159938,0.182123,0.131415,0.105732,16911600.0,0.004189
2016-01-14,0.176798,0.22256,0.161412,1.815008,14730000.0,0.071602
2016-01-15,0.078287,0.094485,0.06172,-1.471392,11698000.0,-0.054168
2016-01-19,0.151717,0.155999,0.11007,-0.211456,9346600.0,-0.00823
2016-01-20,0.119675,0.131056,0.081607,-0.405293,15078500.0,-0.015906
2016-01-21,0.136975,0.181241,0.129397,0.881071,9915800.0,0.035137
2016-01-22,0.179286,0.189688,0.158096,0.784153,14915500.0,0.03021
2016-01-25,0.113291,0.128249,0.101324,-0.775341,8018500.0,-0.028995
2016-01-26,0.167717,0.190054,0.160014,1.118962,9619400.0,0.043095
2016-01-27,0.119843,0.155288,0.113566,-0.052864,9700000.0,-0.001952
2016-01-28,0.186402,0.187882,0.157547,1.066095,11300600.0,0.039439
2016-01-29,0.13071,0.15242,0.122524,0.422918,8816600.0,0.015052
2016-02-01,0.093256,0.11815,0.083438,-0.590318,9466800.0,-0.020698
2016-02-02,0.039384,0.0512,0.024705,-2.361273,21364300.0,-0.084543
2016-02-03,0.145149,0.165878,0.112297,0.563883,14324800.0,0.022054
2016-02-04,0.15794,0.187788,0.154879,0.83702,11294000.0,0.03203
2016-02-05,0.130531,0.142396,0.121261,-0.132162,6792300.0,-0.0049
2016-02-08,0.104426,0.120449,0.09213,-0.475778,8816900.0,-0.017728
2016-02-09,0.110703,0.119048,0.090598,-0.854637,9475200.0,-0.03242
2016-02-10,0.099304,0.121651,0.091855,-0.278916,9816100.0,-0.010935
2016-02-11,0.082522,0.103926,0.07063,-0.35989,15046700.0,-0.014265
2016-02-12,0.137596,0.168559,0.129151,1.241616,10848200.0,0.049928
2016-02-16,0.12448,0.125628,0.104564,0.035986,8926600.0,0.001378
2016-02-17,0.11796,0.156207,0.11796,0.800752,10400300.0,0.030626
2016-02-18,0.119993,0.121106,0.09884,-0.152954,9287600.0,-0.005676
2016-02-19,0.102874,0.110338,0.093916,-0.026991,5213900.0,-0.001007
2016-02-22,0.126775,0.139104,0.124534,0.494843,6082100.0,0.018487
2016-02-23,0.086514,0.096051,0.061937,-1.169634,7470300.0,-0.042904
2016-02-24,0.080797,0.094594,0.073515,-0.413868,11265400.0,-0.015862
2016-02-25,0.122751,0.125867,0.095101,0.107965,11319300.0,0.004205
2016-02-26,0.130072,0.136277,0.121153,0.305903,6173100.0,0.011863
2016-02-29,0.120656,0.128321,0.111841,0.080976,5406000.0,0.003103
2016-03-01,0.125212,0.132472,0.11184,0.485846,5640300.0,0.018563
2016-03-02,0.103956,0.133214,0.10058,0.521839,7769600.0,0.019575
2016-03-03,0.120655,0.139787,0.11109,0.593817,8917700.0,0.021847
2016-03-04,0.114338,0.13234,0.110017,0.25192,8879600.0,0.00907
2016-03-07,0.090049,0.131082,0.089692,0.314904,9162400.0,0.011236
2016-03-08,0.08817,0.090993,0.058531,-1.286602,9487400.0,-0.045397
2016-03-09,0.115524,0.131787,0.106653,0.206934,7039900.0,0.007649
2016-03-10,0.099353,0.101554,0.08358,-0.422865,7956900.0,-0.015511
2016-03-11,0.120027,0.139775,0.119655,0.647796,10369200.0,0.024137
2016-03-14,0.081989,0.094722,0.077987,-0.539829,7404000.0,-0.01964
2016-03-15,0.090305,0.100325,0.08548,-0.278913,9112600.0,-0.010351
2016-03-16,0.118582,0.144456,0.116332,0.782755,9364200.0,0.029352
2016-03-17,0.126394,0.151166,0.118379,0.92671,9410000.0,0.033759
2016-03-18,0.115334,0.118506,0.096305,-0.188944,8545500.0,-0.006658
2016-03-21,0.10117,0.113586,0.090172,-0.188936,7659900.0,-0.006703
2016-03-22,0.0986,0.113243,0.097529,-0.16195,5175900.0,-0.005784
2016-03-23,0.105351,0.107865,0.083797,-0.665794,5858200.0,-0.023917
2016-03-24,0.096,0.121395,0.092688,0.197941,5330900.0,0.007285
2016-03-28,0.116938,0.1184,0.103054,0.0,3601700.0,0.0
2016-03-29,0.092458,0.109265,0.084786,-0.062981,7043100.0,-0.002301
2016-03-30,0.142952,0.149544,0.125007,0.521837,7324100.0,0.01911
2016-03-31,0.097084,0.105708,0.083788,-0.674789,7242300.0,-0.024248
2016-04-01,0.078681,0.091571,0.076471,-0.548832,8932700.0,-0.020212
2016-04-04,0.118223,0.125741,0.111082,0.008999,4958600.0,0.000338
2016-04-05,0.089289,0.098307,0.084404,-0.584818,7812600.0,-0.021974
2016-04-06,0.108768,0.126441,0.101469,0.332897,9265000.0,0.01279
2016-04-07,0.097422,0.108044,0.096284,-0.152956,6882400.0,-0.005802
2016-04-08,0.137785,0.153428,0.134351,0.917717,9905600.0,0.035016
2016-04-11,0.12178,0.128415,0.116987,0.143955,7394200.0,0.005307
2016-04-12,0.115858,0.148127,0.112191,0.800749,10831900.0,0.029363
2016-04-13,0.12927,0.12927,0.111814,0.161951,8941300.0,0.005769
2016-04-14,0.09056,0.09729,0.086664,-0.413873,12689700.0,-0.014659
2016-04-15,0.096001,0.10355,0.086655,-0.242924,14895000.0,-0.008732
2016-04-18,0.088975,0.128501,0.087162,0.368887,11772200.0,0.013377
2016-04-19,0.11611,0.139012,0.112889,0.629805,13447800.0,0.022537
2016-04-20,0.09361,0.126856,0.09186,0.089973,11868400.0,0.003149
2016-04-21,0.117388,0.120528,0.104829,-0.107967,7492500.0,-0.003767
2016-04-22,0.107606,0.128616,0.107606,0.368885,7106800.0,0.012917
2016-04-25,0.104198,0.106963,0.086912,-0.323901,8241900.0,-0.011198
2016-04-26,0.164251,0.171943,0.156559,1.52952,15939000.0,0.053476
2016-04-27,0.111458,0.128384,0.109135,0.314908,11240100.0,0.010451
2016-04-28,0.095035,0.116713,0.094707,-0.314908,8001700.0,-0.010343
2016-04-29,0.112453,0.12075,0.09951,0.080983,9101600.0,0.002688
2016-05-02,0.112781,0.117084,0.10219,0.03598,6543300.0,0.001191
2016-05-03,0.111458,0.111458,0.073439,-0.953697,10075400.0,-0.031529
2016-05-04,0.082784,0.090976,0.067081,-0.494973,9827800.0,-0.016896
2016-05-05,0.102087,0.112504,0.088546,0.146658,7743100.0,0.005092
2016-05-06,0.077158,0.099958,0.077158,0.0,6256000.0,0.0
2016-05-09,0.085449,0.085449,0.062648,-0.458305,7243200.0,-0.015833
2016-05-10,0.094487,0.11274,0.094135,0.549965,7220200.0,0.019305
2016-05-11,0.084778,0.101308,0.076168,-0.009165,8150000.0,-0.000316
2016-05-12,0.11819,0.119224,0.090976,0.174156,9031800.0,0.005999
2016-05-13,0.077622,0.087552,0.073512,-0.357481,6689300.0,-0.012241
2016-05-16,0.10831,0.116977,0.10831,0.540806,5827900.0,0.018748
2016-05-17,0.094719,0.103567,0.088594,0.146656,5765200.0,0.004991
2016-05-18,0.097071,0.100119,0.081157,-0.082496,7754500.0,-0.002793
2016-05-19,0.083167,0.08826,0.069585,-0.137494,7539800.0,-0.004669
2016-05-20,0.090976,0.099846,0.082448,-0.045829,6709400.0,-0.001563
2016-05-23,0.077651,0.086193,0.072526,-0.430808,6481800.0,-0.01472
2016-05-24,0.104501,0.109009,0.097218,0.348315,7737200.0,0.012079
2016-05-25,0.112905,0.129695,0.109136,0.934944,13584700.0,0.032035
2016-05-26,0.087988,0.091972,0.076368,-0.238323,8729100.0,-0.007912
2016-05-27,0.078929,0.083279,0.07324,-0.219986,6347800.0,-0.007362
2016-05-31,0.078165,0.086594,0.05524,-0.879946,14790000.0,-0.029666
2016-06-01,0.07013,0.090629,0.06874,-0.054995,12611600.0,-0.001911
2016-06-02,0.082274,0.09759,0.078792,0.164988,12669400.0,0.005743
2016-06-03,0.10136,0.108282,0.090976,0.329981,12355800.0,0.011421
2016-06-06,0.104665,0.1163,0.102269,0.595796,9159900.0,0.020389
2016-06-07,0.100367,0.115123,0.099696,0.494969,10862300.0,0.0166
2016-06-08,0.106152,0.108461,0.096915,0.183323,9341500.0,0.006048
2016-06-09,0.072285,0.084418,0.071629,-0.210821,5892900.0,-0.006913
2016-06-10,0.068853,0.076778,0.060598,-0.751618,9327200.0,-0.024818
2016-06-13,0.076416,0.094362,0.074046,-0.329981,8540500.0,-0.011173
2016-06-14,0.077279,0.0831,0.049885,-0.852447,15171800.0,-0.02919
2016-06-15,0.090976,0.107202,0.087449,0.201652,12399900.0,0.007113
2016-06-16,0.092377,0.126,0.079068,0.806618,13456400.0,0.02825
2016-06-17,0.100513,0.116863,0.098129,0.65996,10576100.0,0.022479
2016-06-20,0.12662,0.127287,0.112296,0.614124,11451700.0,0.020458
2016-06-21,0.101423,0.119377,0.094894,0.669132,11063500.0,0.021843
2016-06-22,0.102796,0.107269,0.08267,-0.238323,13471000.0,-0.007614
2016-06-23,0.118339,0.118661,0.102244,0.678295,10651200.0,0.021835
2016-06-24,0.009066,0.056322,0.008751,-1.512411,34583800.0,-0.047647
2016-06-27,0.064512,0.070136,0.044334,-0.907442,19452000.0,-0.030018
2016-06-28,0.125762,0.134629,0.116895,1.145767,9835900.0,0.039075
2016-06-29,0.121172,0.151367,0.110997,1.420744,17381300.0,0.046631
2016-06-30,0.092858,0.116063,0.09129,0.659958,14938400.0,0.020696
2016-07-01,0.099886,0.108796,0.09835,0.449139,9620900.0,0.013799
2016-07-05,0.087643,0.092189,0.081885,-0.09166,10928300.0,-0.002778
2016-07-06,0.070919,0.081556,0.060891,-0.302482,8823600.0,-0.009192
2016-07-07,0.104778,0.105392,0.078401,-0.155823,8900900.0,-0.004779
2016-07-08,0.104845,0.1107,0.098681,0.476635,7241200.0,0.014689
2016-07-11,0.095229,0.100392,0.092799,0.17416,6900300.0,0.00529
2016-07-12,0.109406,0.123908,0.105176,0.733288,12162600.0,0.022155
2016-07-13,0.096592,0.101913,0.072059,-0.320816,8622500.0,-0.009483
2016-07-14,0.106792,0.10709,0.090678,0.0,5499900.0,0.0
2016-07-15,0.09217,0.093662,0.086799,0.0,6032400.0,0.0
2016-07-18,0.081427,0.084113,0.075161,-0.357479,5608500.0,-0.010667
2016-07-19,0.085849,0.090373,0.080721,-0.128323,5346700.0,-0.003871
2016-07-20,0.087343,0.092187,0.080984,-0.064167,5153600.0,-0.001943
2016-07-21,0.087032,0.099775,0.085212,-0.109989,3949500.0,-0.003337
2016-07-22,0.091889,0.093411,0.085497,0.027492,5635600.0,0.000837
2016-07-25,0.078506,0.079419,0.056304,-0.889105,10941300.0,-0.027042
2016-07-26,0.065343,0.083786,0.06503,-0.284151,8646000.0,-0.008883
2016-07-27,0.102962,0.10927,0.085614,-0.018331,8424100.0,-0.000578
2016-07-28,0.086242,0.08782,0.070148,-0.531635,9295000.0,-0.016778
2016-07-29,0.091297,0.105099,0.087125,0.37581,6349500.0,0.012062
2016-08-01,0.075436,0.076388,0.049747,-1.118265,11808600.0,-0.035465
2016-08-02,0.10643,0.109389,0.089661,0.247482,9236000.0,0.008137
2016-08-03,0.064884,0.077278,0.059992,0.149336,9514200.0,0.004871
2016-08-04,0.07303,0.08082,0.068811,-0.009327,6920500.0,-0.000303
2016-08-05,0.080173,0.081472,0.070108,0.14,6104700.0,0.004545
2016-08-08,0.069145,0.078841,0.069145,0.018669,6020400.0,0.000603
2016-08-09,0.082389,0.086588,0.073991,0.196003,5363800.0,0.006331
2016-08-10,0.073333,0.074938,0.058247,-0.345345,5060500.0,-0.011085
2016-08-11,0.077899,0.098671,0.074978,0.588017,6439700.0,0.019085
2016-08-12,0.076185,0.078732,0.070133,0.093336,4325000.0,0.002973
2016-08-15,0.077123,0.081569,0.072995,0.12133,4214900.0,0.003853
2016-08-16,0.07805,0.085642,0.074571,0.317343,6643700.0,0.010038
2016-08-17,0.066083,0.072347,0.058567,-0.009331,5000500.0,-0.000292
2016-08-18,0.074227,0.086131,0.072034,0.42001,4635100.0,0.013158
2016-08-19,0.062131,0.063368,0.056256,-0.298676,4038000.0,-0.009235
2016-08-22,0.055803,0.062044,0.051746,-0.345341,4264200.0,-0.010778
2016-08-23,0.075193,0.082449,0.071092,0.158667,6767200.0,0.005006
2016-08-24,0.075802,0.079883,0.071093,0.130674,6293900.0,0.004102
2016-08-25,0.073283,0.079536,0.068281,-0.046669,4672000.0,-0.001459
2016-08-26,0.076417,0.089567,0.064832,-0.055999,6267600.0,-0.001753
2016-08-29,0.063252,0.076425,0.063252,0.07467,2849500.0,0.002342
2016-08-30,0.071094,0.07391,0.065462,-0.130678,4675000.0,-0.004089
2016-08-31,0.067951,0.071093,0.060411,-0.223997,5018100.0,-0.007038
2016-09-01,0.069825,0.070458,0.057801,-0.186676,3742400.0,-0.005907
2016-09-02,0.090187,0.106102,0.087322,0.784018,6917700.0,0.024956
2016-09-06,0.07296,0.079482,0.067681,0.177333,4103600.0,0.005507
2016-09-07,0.074187,0.078202,0.070172,0.065339,3917300.0,0.002018
2016-09-08,0.075414,0.084045,0.068325,0.298671,5196100.0,0.009206
2016-09-09,0.057663,0.059801,0.045752,-0.681347,5457900.0,-0.02081
2016-09-12,0.063921,0.083572,0.06049,0.261342,6385600.0,0.008151
2016-09-13,0.047275,0.050988,0.032115,-1.05469,9231900.0,-0.032631
2016-09-14,0.067889,0.081002,0.062452,-0.168005,6672900.0,-0.005373
2016-09-15,0.0698,0.088128,0.067549,0.270674,4693800.0,0.008704
2016-09-16,0.054512,0.06535,0.053875,-0.280007,5594600.0,-0.008926
2016-09-19,0.090706,0.091028,0.074945,0.121333,4741200.0,0.003903
2016-09-20,0.070446,0.072048,0.059232,-0.345335,4759900.0,-0.011064
2016-09-21,0.079507,0.091494,0.075943,0.504009,6634800.0,0.016329
2016-09-22,0.10201,0.103922,0.089896,0.606674,8461900.0,0.019339
2016-09-23,0.064527,0.074847,0.057647,-0.280001,5138000.0,-0.008756
2016-09-26,0.06352,0.072038,0.06068,-0.261335,4579500.0,-0.008245
2016-09-27,0.065045,0.075861,0.059955,-0.065338,4171900.0,-0.002078
2016-09-28,0.087665,0.112211,0.074276,1.148027,9765900.0,0.036596
2016-09-29,0.0834,0.085553,0.071715,0.205338,9021700.0,0.006315
2016-09-30,0.076908,0.081492,0.07049,0.09333,6133700.0,0.002852
2016-10-03,0.076892,0.083291,0.072931,0.289341,4873800.0,0.008817
2016-10-04,0.08802,0.092551,0.074428,0.195999,8148100.0,0.00592
2016-10-05,0.081617,0.087623,0.073509,0.326676,5394500.0,0.00981
2016-10-06,0.074976,0.07676,0.06546,-0.074665,4422100.0,-0.00222
2016-10-07,0.074685,0.08452,0.070513,0.205333,4678800.0,0.006119
2016-10-10,0.079109,0.090957,0.078813,0.466679,4331900.0,0.013824
2016-10-11,0.064687,0.066148,0.040729,-0.830681,7250600.0,-0.02427
2016-10-12,0.077695,0.077695,0.066017,0.009335,4944500.0,0.00028
2016-10-13,0.071407,0.074401,0.056439,-0.102677,4434700.0,-0.003074
2016-10-14,0.081317,0.08492,0.07441,0.149338,3255600.0,0.004484
2016-10-17,0.063037,0.066624,0.057955,-0.317337,3488100.0,-0.009487
2016-10-18,0.091326,0.091628,0.082876,0.44801,3642400.0,0.013521
2016-10-19,0.075576,0.083616,0.072896,0.06533,3886400.0,0.001945
2016-10-20,0.068138,0.076162,0.06368,0.0,4003100.0,0.0
2016-10-21,0.071705,0.077946,0.067246,0.186672,4214900.0,0.005548
2016-10-24,0.069338,0.071407,0.051605,-0.354675,4502700.0,-0.010483
2016-10-25,0.076485,0.082758,0.072901,0.158676,4475800.0,0.00474
2016-10-26,0.057435,0.068137,0.054462,-0.177341,4280000.0,-0.005272
2016-10-27,0.074097,0.083362,0.071407,0.140003,4174300.0,0.004184
2016-10-28,0.060098,0.071407,0.057717,-0.298676,5057000.0,-0.008889
2016-10-31,0.0636,0.071107,0.060297,-0.121338,5420500.0,-0.003644
2016-11-01,0.055434,0.055736,0.01957,-1.344022,11938800.0,-0.040506
2016-11-02,0.078318,0.083657,0.060414,-0.093336,7778000.0,-0.002932
2016-11-03,0.071722,0.075188,0.061641,-0.158669,4876200.0,-0.004999
2016-11-04,0.063175,0.071407,0.060326,-0.280006,6030000.0,-0.008865
2016-11-07,0.080671,0.087699,0.076518,0.448013,5863800.0,0.014311
2016-11-08,0.051251,0.060699,0.049362,0.057005,4853700.0,0.001795
2016-11-09,0.043394,0.069801,0.043394,0.342039,5588000.0,0.010753
2016-11-10,0.066196,0.067129,0.052511,0.095005,5210400.0,0.002955
2016-11-11,0.039177,0.041347,0.02119,-0.72208,6590500.0,-0.022392
2016-11-14,0.038871,0.046801,0.031892,-0.190022,5449600.0,-0.006028
2016-11-15,0.060171,0.074851,0.060171,0.598568,5679300.0,0.019102
2016-11-16,0.041551,0.049693,0.038106,-0.294533,4985700.0,-0.009223
2016-11-17,0.061361,0.070527,0.057252,0.190024,5382400.0,0.006006
2016-11-18,0.047798,0.061937,0.045285,0.133013,6682800.0,0.004179
2016-11-21,0.073474,0.077854,0.071284,0.722084,5881700.0,0.022592
2016-11-22,0.054959,0.06016,0.048228,0.133014,6735900.0,0.00407
2016-11-23,0.040018,0.054035,0.039713,-0.133014,4255400.0,-0.004053
2016-11-25,0.052511,0.054347,0.04578,-0.123513,1899900.0,-0.003779
2016-11-28,0.046983,0.048211,0.035619,-0.52256,5431000.0,-0.016049
2016-11-29,0.041586,0.049702,0.037529,-0.190021,5901600.0,-0.005931
2016-11-30,0.084539,0.10746,0.084539,1.415661,11784800.0,0.044451
2016-12-01,0.072954,0.080771,0.063334,0.361042,7802400.0,0.010854
2016-12-02,0.054296,0.065002,0.049537,0.085506,5205900.0,0.002543
2016-12-05,0.054884,0.061411,0.052511,0.0,4710200.0,0.0
2016-12-06,0.058444,0.059038,0.048358,0.08551,5387000.0,0.002537
2016-12-07,0.062572,0.064643,0.05547,0.304039,6006700.0,0.008996
2016-12-08,0.057203,0.062482,0.051631,0.285027,5107500.0,0.008359
2016-12-09,0.051348,0.053093,0.046986,-0.171017,4633100.0,-0.004974
2016-12-12,0.070048,0.075894,0.064787,0.475056,8416600.0,0.013885
2016-12-13,0.063754,0.064907,0.04934,0.266029,7504700.0,0.007669
2016-12-14,0.051081,0.055086,0.030196,-0.731582,5699800.0,-0.02093
2016-12-15,0.035563,0.050173,0.031765,-0.161522,5093100.0,-0.00472
2016-12-16,0.06308,0.078347,0.061025,0.703083,5517100.0,0.020642
2016-12-19,0.053662,0.057976,0.051361,-0.028504,4582000.0,-0.00082
2016-12-20,0.055102,0.05942,0.050208,-0.038005,4354700.0,-0.001094
2016-12-21,0.06231,0.064039,0.056834,0.247028,4440500.0,0.007119
2016-12-22,0.058234,0.063672,0.055373,0.123516,7860500.0,0.003535
2016-12-23,0.050515,0.056503,0.048804,0.104511,3647200.0,0.00298
2016-12-27,0.054786,0.058482,0.054501,0.08551,3725600.0,0.002431
2016-12-28,0.058467,0.062721,0.054497,0.133015,6133400.0,0.003773
2016-12-29,0.059293,0.060423,0.055054,0.142521,5015300.0,0.004027
2016-12-30,0.054481,0.060109,0.050541,-0.019005,5043900.0,-0.000535
